Time (min),Temperature (C),Mass (mg),Mass (%)
0.0,25.0,15.412,100.00
0.67,35.0,15.410,99.99
1.33,45.0,15.406,99.96
2.00,55.0,15.401,99.93
2.67,65.0,15.394,99.88
3.33,75.0,15.385,99.83
4.00,85.0,15.374,99.75
4.67,95.0,15.361,99.67
5.33,105.0,15.345,99.56
6.00,115.0,15.326,99.44
6.67,125.0,15.304,99.29
7.33,135.0,15.278,99.12
8.00,145.0,15.248,98.92
8.67,155.0,15.213,98.70
9.33,165.0,15.173,98.44
10.00,175.0,15.127,98.14
10.67,185.0,15.074,97.80
11.33,195.0,15.013,97.40
12.00,205.0,14.943,96.95
12.67,215.0,14.863,96.43
13.33,225.0,14.771,95.83
14.00,235.0,14.666,95.15
14.67,245.0,14.546,94.37
15.33,255.0,14.408,93.47
16.00,265.0,14.250,92.45
16.67,275.0,14.068,91.27
17.33,285.0,13.860,89.92
18.00,295.0,13.621,88.37
18.67,305.0,13.348,86.60
19.33,315.0,13.036,84.58
20.00,325.0,12.681,82.28
20.67,335.0,12.279,79.68
21.33,345.0,11.827,76.75
22.00,355.0,11.322,73.47
22.67,365.0,10.765,69.86
23.33,375.0,10.158,65.92
24.00,385.0,9.506,61.69
24.67,395.0,8.816,57.21
25.33,405.0,8.099,52.56
26.00,415.0,7.369,47.81
26.67,425.0,6.640,43.08
27.33,435.0,5.928,38.46
28.00,445.0,5.249,34.06
28.67,455.0,4.618,29.97
29.33,465.0,4.049,26.27
30.00,475.0,3.555,23.07
30.67,485.0,3.145,20.41
31.33,495.0,2.827,18.34
32.00,505.0,2.603,16.89
32.67,515.0,2.472,16.04
33.33,525.0,2.426,15.74
33.00,535.0,2.456,15.94
34.67,545.0,2.551,16.55
35.33,555.0,2.697,17.50
36.00,565.0,2.880,18.69
36.67,575.0,3.086,20.02
37.33,585.0,3.302,21.43
38.00,595.0,3.516,22.81
38.67,605.0,3.717,24.12
39.33,615.0,3.895,25.27
40.00,625.0,4.042,26.23
