Time (days),Temperature (K),HMW Species (%),Monomer (%)
0.0,343.15,2.1,97.9
7.0,343.17,19.8,80.2
14.0,343.14,39.4,60.6
21.0,343.16,57.3,42.7
28.0,343.15,71.4,28.6
35.0,343.18,81.6,18.4
42.0,343.14,88.4,11.6
49.0,343.17,92.7,7.3
56.0,343.15,95.3,4.7
63.0,343.16,96.9,3.1
70.0,343.14,97.9,2.1
77.0,343.18,98.5,1.5
84.0,343.17,98.9,1.1
91.0,343.15,99.2,0.8
98.0,343.16,99.4,0.6
105.0,343.14,99.5,0.5
112.0,343.17,99.6,0.4
119.0,343.15,99.7,0.3
126.0,343.18,99.7,0.3
133.0,343.16,99.8,0.2
140.0,343.15,99.8,0.2
147.0,343.14,99.8,0.2
154.0,343.17,99.9,0.1
161.0,343.15,99.9,0.1
168.0,343.16,99.9,0.1
175.0,343.18,99.9,0.1
182.0,343.14,99.9,0.1
