Time (min),Temperature (C),Heat Flow (W/g),Sample Mass (mg)
0.00,25.0,-0.004,3.52
0.25,27.4,-0.007,3.52
0.50,29.9,-0.011,3.52
0.75,32.3,-0.017,3.52
1.00,34.8,-0.025,3.52
1.25,37.2,-0.036,3.52
1.50,39.7,-0.051,3.52
1.75,42.1,-0.071,3.52
2.00,44.6,-0.098,3.52
2.25,47.0,-0.132,3.52
2.50,49.5,-0.175,3.52
2.75,51.9,-0.228,3.52
3.00,54.4,-0.293,3.52
3.25,56.8,-0.372,3.52
3.50,59.3,-0.467,3.52
3.75,61.7,-0.580,3.52
4.00,64.2,-0.714,3.52
4.25,66.6,-0.871,3.52
4.50,69.1,-1.054,3.52
4.75,71.5,-1.266,3.52
5.00,74.0,-1.509,3.52
5.25,76.4,-1.788,3.52
5.50,78.9,-2.105,3.52
5.75,81.3,-2.464,3.52
6.00,83.8,-2.869,3.52
6.25,86.2,-3.324,3.52
6.50,88.7,-3.832,3.52
6.75,91.1,-4.397,3.52
7.00,93.6,-5.022,3.52
7.25,96.0,-5.710,3.52
7.50,98.5,-6.463,3.52
7.75,100.9,-7.284,3.52
8.00,103.4,-8.173,3.52
8.25,105.8,-9.130,3.52
8.50,108.3,-10.155,3.52
8.75,110.7,-11.246,3.52
9.00,113.2,-12.400,3.52
9.25,115.6,-13.613,3.52
9.50,118.1,-14.880,3.52
9.75,120.5,-16.194,3.52
10.00,123.0,-17.548,3.52
10.25,125.4,-18.933,3.52
10.50,127.9,-20.339,3.52
10.75,130.3,-21.754,3.52
11.00,132.8,-23.166,3.52
11.25,135.2,-24.561,3.52
11.50,137.7,-25.924,3.52
11.75,140.1,-27.239,3.52
12.00,142.6,-28.490,3.52
12.25,145.0,-29.660,3.52
12.50,147.5,-30.732,3.52
12.75,149.9,-31.689,3.52
13.00,152.4,-32.515,3.52
13.25,154.8,-33.194,3.52
13.50,157.3,-33.713,3.52
13.75,159.7,-34.060,3.52
14.00,162.2,-34.227,3.52
14.25,164.6,-34.207,3.52
14.50,167.1,-33.998,3.52
14.75,169.5,-33.601,3.52
15.00,172.0,-33.021,3.52
15.25,174.4,-32.266,3.52
15.50,176.9,-31.346,3.52
15.75,179.3,-30.275,3.52
16.00,181.8,-29.067,3.52
16.25,184.2,-27.739,3.52
16.50,186.7,-26.309,3.52
16.75,189.1,-24.794,3.52
17.00,191.6,-23.212,3.52
17.25,194.0,-21.581,3.52
17.50,196.5,-19.920,3.52
17.75,198.9,-18.248,3.52
18.00,201.4,-16.583,3.52
18.25,203.8,-14.942,3.52
18.50,206.3,-13.342,3.52
18.75,208.7,-11.797,3.52
19.00,211.2,-10.320,3.52
19.25,213.6,-8.923,3.52
19.50,216.1,-7.615,3.52
19.75,218.5,-6.405,3.52
20.00,221.0,-5.299,3.52
